<?xml version="1.0" encoding="UTF-8"?>
<mu:metadataUrls xmlns:mu="http://pingidentity.com/2015/01/metadata-url">
    <mu:metadataUrlCertType>
        <mu:id>f5Zf3U3KmABfLJDr4NjKiH2Qy</mu:id>
        <mu:name>Customer2</mu:name>
        <mu:metadataUrl>https://aztest2.okta.com/app/exkr397y5s6W5fUbx0x7/sso/saml/metadata</mu:metadataUrl>
        <mu:certAlias xsi:nil="true" xmlns:xsi="http://www.w3.org/2001/XMLSchema-instance"/>
        <mu:validateSignature>false</mu:validateSignature>
    </mu:metadataUrlCertType>
</mu:metadataUrls>