<?xml version="1.0" encoding="UTF-8"?>
<EntityDescriptor entityID="https://vanguardpoc.ping-devops.com" cacheDuration="PT1440M" xmlns="urn:oasis:names:tc:SAML:2.0:metadata" xmlns:sid="urn:sourceid.org:saml2:local-metadata-extension:v2">
    <Extensions>
        <sid:SourceIDExtension BaseURL="https://vanguardpoc.ping-devops.com" Saml1xId="https://vanguardpoc.ping-devops.com" WsFedID="https://vanguardpoc.ping-devops.com" Saml1xSrcId="" DisableAutomaticConnectionValidation="false" DataStoreValidationInterval="300" RequestHeaderNameForCorrelationId="" CustomGlobalHttpHeaderName="X-Forwarded-For" ClientIpHeaderIndex="last" ForwardedHostHeaderName="" ForwardedHostHeaderIndex="last" ProxyTerminatesHttpsConns="false" MetadataSigningKeyAlias="" MetadataSigningAlgorithm="" MetadataSigningKeyMD5Fingerprint="" ConfirmIdpSlo="false" ClientCertSSLHeaderName="" ClientCertChainSSLHeaderName="">
            <sid:LocalPathsDescriptor Suffix=".ping" ResumePathPrefix="/resume">
                <sid:IDPLocalPaths>
                    <sid:InitiateSingleSignOn>/idp/startSSO</sid:InitiateSingleSignOn>
                    <sid:InitiateSingleLogOut>/idp/startSLO</sid:InitiateSingleLogOut>
                </sid:IDPLocalPaths>
                <sid:SPLocalPaths>
                    <sid:InitiateSingleSignOn>/sp/startSSO</sid:InitiateSingleSignOn>
                    <sid:InitiateCDCSingleSignOn>/sp/cdcstartSSO</sid:InitiateCDCSingleSignOn>
                    <sid:InitiateSingleLogOut>/sp/startSLO</sid:InitiateSingleLogOut>
                    <sid:TerminateAccountLinks>/sp/defederate</sid:TerminateAccountLinks>
                    <sid:InitiateAttributeQuery>/sp/startAttributeQuery</sid:InitiateAttributeQuery>
                </sid:SPLocalPaths>
            </sid:LocalPathsDescriptor>
            <sid:ApplicationURLs/>
            <sid:UrlToAdapterMap Url="https://decoder.pingidentity.cloud/saml" TargetType="SP_CONN" AdapterInstance="Sample-SAML"/>
            <sid:IdpDiscovery CommonDomainServer="false" IdPCommonDomainClient="false" SPCommonDomainClient="false" WriteCookiePath="/writecookie.cdc" ReadCookiePath="/readcookie.cdc">
                <sid:CommonDomainClient CommonDomainServiceBaseUrl=""/>
                <sid:CommonDomainService CommonDomain="" CookieLifeDays="365"/>
            </sid:IdpDiscovery>
            <sid:ErrPageMsg>errorDetail.idpSsoFailure</sid:ErrPageMsg>
        </sid:SourceIDExtension>
    </Extensions>
    <SPSSODescriptor protocolSupportEnumeration="urn:oasis:names:tc:SAML:2.0:protocol">
        <AssertionConsumerService Location="nope" index="0" Binding="nope"/>
    </SPSSODescriptor>
    <ContactPerson contactType="administrative">
        <Company>PF Demo</Company>
    </ContactPerson>
</EntityDescriptor>