<?xml version="1.0" encoding="UTF-8"?>
<con:config xmlns:con="http://www.sourceid.org/2004/05/config">
    <con:map name="adapter-selectors">
        <con:item name="authnContext">com.pingidentity.pf.selectors.saml.SamlAuthnContextAdapterSelector</con:item>
        <con:item name="authnExp">com.pingidentity.pf.selectors.ExtendedPropertyAuthnSelector</con:item>
        <con:item name="useAuthApi">com.pingidentity.pf.selectors.ExtendedPropertyAuthnSelector</con:item>
        <con:item name="SessionAuthSelector">com.pingidentity.pf.selectors.session.SessionAuthnSelector</con:item>
        <con:item name="ConnectionSet">com.pingidentity.pf.selectors.connectionset.ConnectionSetAdapterSelector</con:item>
        <con:item name="OAuth">com.pingidentity.pf.selectors.oauthclient.OAuthClientAdapterSelector</con:item>
    </con:map>
</con:config>