<?xml version="1.0" encoding="UTF-8"?>
<urn:PluginConfiguration isInheritExtendedContractAttributes="false" name="Session Auth Selector" xmlns:urn="urn:sourceid.org:saml2:adapter:conf">
    <urn:Fields>
        <urn:Field name="Enable 'No Session' Result Value">false</urn:Field>
    </urn:Fields>
    <urn:AdvancedFields/>
    <urn:Tables>
        <urn:Table name="Authentication Sources">
            <urn:Row defaultRow="false">
                <urn:Field name="Authentication Source">idp-conn|vyM56EDAgNM6MtfS3jl.JahO8mN</urn:Field>
                <urn:Field name="Result Value">Customer1</urn:Field>
            </urn:Row>
            <urn:Row defaultRow="false">
                <urn:Field name="Authentication Source">idp-conn|JbnYmO8VHMtKs5XKXMXIhfT5pfI</urn:Field>
                <urn:Field name="Result Value">Customer2</urn:Field>
            </urn:Row>
        </urn:Table>
    </urn:Tables>
</urn:PluginConfiguration>