<?xml version="1.0" encoding="UTF-8"?>
<urn:AdapterConfiguration authnCtxClassRef="" isInheritAttributeSettings="false" isInheritAttributeMapping="false" maskOgnlValues="false" uniqueUserKeyField="pf_none" isInheritExtendedContractAttributes="false" name="Identifier-First" xmlns:urn="urn:sourceid.org:saml2:adapter:conf">
    <urn:Fields>
        <urn:Field name="Identifier Cookie Lifetime">30</urn:Field>
        <urn:Field name="Allow Cancelling Identifier Selection">false</urn:Field>
        <urn:Field name="Maximum Identifiers Count">5</urn:Field>
        <urn:Field name="Identifier Selection Template">identifier.first.template.html</urn:Field>
    </urn:Fields>
    <urn:AdvancedFields>
        <urn:Field name="Maximum Identifiers Count">5</urn:Field>
        <urn:Field name="Identifier Selection Template">identifier.first.template.html</urn:Field>
    </urn:AdvancedFields>
    <urn:Tables/>
    <urn:ExtendedContractAttributes>
        <urn:AttributeName>entryUUID</urn:AttributeName>
        <urn:AttributeName>uid</urn:AttributeName>
        <urn:AttributeName>mail</urn:AttributeName>
    </urn:ExtendedContractAttributes>
    <urn:UniqueKeyField>subject</urn:UniqueKeyField>
    <urn:AttributeMapping>
        <urn1:AttributeMap Name="entryUUID" Type="LDAP" AttributeSourceId="PD" Value="entryUUID" xmlns:urn1="urn:sourceid.org:saml2:metadata-extension:v2"/>
        <urn1:AttributeMap Name="uid" Type="LDAP" AttributeSourceId="PD" Value="uid" xmlns:urn1="urn:sourceid.org:saml2:metadata-extension:v2"/>
        <urn1:AttributeMap Name="mail" Type="LDAP" AttributeSourceId="PD" Value="mail" xmlns:urn1="urn:sourceid.org:saml2:metadata-extension:v2"/>
        <urn1:AttributeMap Name="subject" Type="Adapter" Value="subject" xmlns:urn1="urn:sourceid.org:saml2:metadata-extension:v2"/>
        <urn1:AttributeMap Name="domain" Type="Adapter" Value="domain" xmlns:urn1="urn:sourceid.org:saml2:metadata-extension:v2"/>
        <urn1:AttributeSource Id="PD" Description="PD" Type="LDAP" DataSourceId="LDAP-PingDirectory" xmlns:urn1="urn:sourceid.org:saml2:metadata-extension:v2">
            <urn1:Parameter Name="filter" Value="(|(uid=${subject} )(mail=${subject}))"/>
            <urn1:Parameter Name="search_base" Value="dc=sampleCiam.com"/>
            <urn1:Parameter Name="search_scope" Value="SUBTREE_SCOPE"/>
            <urn1:Parameter Name="memberof_nested_group" Value="false"/>
        </urn1:AttributeSource>
        <urn1:TokenAuthorizationIssuanceCriteria xmlns:urn1="urn:sourceid.org:saml2:metadata-extension:v2"/>
    </urn:AttributeMapping>
</urn:AdapterConfiguration>