<?xml version="1.0" encoding="UTF-8"?>
<sk:systemKeys xmlns:sk="http://pingidentity.com/2018/01/system-keys">
    <sk:currentKey>
        <sk:key>eyJhbGciOiJkaXIiLCJlbmMiOiJBMTI4Q0JDLUhTMjU2Iiwia2lkIjoiYXdMbVF3QmJVayIsInZlcnNpb24iOiIxMC4yLjIuMCIsInppcCI6IkRFRiJ9..07KK5QVipENGxXK4qYYYvw.J5iGCiOxFTPTGj3MGOOcddPTPo3tSRuA8zFheX9IxxvWrIFg6JgU7i86enfw3vHT.GxIXBvnxrVAU20t69r2waA</sk:key>
        <sk:generatedTime>2021-03-11T21:35:54.241Z</sk:generatedTime>
    </sk:currentKey>
    <sk:previousKey xsi:nil="true" xmlns:xsi="http://www.w3.org/2001/XMLSchema-instance"/>
    <sk:pendingKey>
        <sk:key>eyJhbGciOiJkaXIiLCJlbmMiOiJBMTI4Q0JDLUhTMjU2Iiwia2lkIjoiYXdMbVF3QmJVayIsInZlcnNpb24iOiIxMC4yLjIuMCIsInppcCI6IkRFRiJ9..KCwJnA6a6A29lTwuEposUw.-dPYKIbfV1Av3O7F4U4v-McfrtRMxDCE91QTE1zMKXCRXY10IP4NCWWqpAnsOJpH.osxehEjcErmxAnXOW_OqYg</sk:key>
        <sk:generatedTime>2021-03-11T21:35:54.241Z</sk:generatedTime>
    </sk:pendingKey>
</sk:systemKeys>