<?xml version="1.0" encoding="UTF-8"?>
<sk:systemKeys xmlns:sk="http://pingidentity.com/2018/01/system-keys">
    <sk:currentKey>
        <sk:key>eyJhbGciOiJkaXIiLCJlbmMiOiJBMTI4Q0JDLUhTMjU2Iiwia2lkIjoiRDQ1OWhUNzlObSIsInZlcnNpb24iOiIxMC4yLjIuMCIsInppcCI6IkRFRiJ9..lyWkZNByzK7SbYceJkEQrg.hTR2n7fhOf9bO7ZW_q_BRdUzWXtUsK0d4QcyKoBZONryOT2FMYDGNTvUh4hSKMn2.qQkiYf9cR_tyfdzPHH6IYw</sk:key>
        <sk:generatedTime>2021-03-11T17:36:37.133Z</sk:generatedTime>
    </sk:currentKey>
    <sk:previousKey xsi:nil="true" xmlns:xsi="http://www.w3.org/2001/XMLSchema-instance"/>
    <sk:pendingKey>
        <sk:key>eyJhbGciOiJkaXIiLCJlbmMiOiJBMTI4Q0JDLUhTMjU2Iiwia2lkIjoiRDQ1OWhUNzlObSIsInZlcnNpb24iOiIxMC4yLjIuMCIsInppcCI6IkRFRiJ9..BmzQ-cZBlFs4gGJuNSFFBw.WKhiJGwbqZ2DNysnAzfWDTS7mvAxaTCsV9o6OIRxc-gQpOYe_skeJW57O2X1GRGo.Dj8SMRy2l7F47ntYeC5AuA</sk:key>
        <sk:generatedTime>2021-03-11T17:36:37.134Z</sk:generatedTime>
    </sk:pendingKey>
</sk:systemKeys>